"scenario_id","layer","display_name_pt_br","description_pt_br","injection_pattern","opcua_effect","primary_loop_ids","current_analytical_coverage","future_method_or_protocol_need"
"normal.steady","process","Operação estável","Carga, utilidades e controladores permanecem em uma faixa estável com ruído físico pequeno.","Blocos de 4 a 12 horas entre transições normais.","Valores bons e cadência nominal.","FIC-101;FIC-201;FIC-301;PIC-601;FIC-701;PIC-704;LIC-801;FIC-1003","CPM snapshot and Data Quality window health.","None."
"normal.load_change","process","Mudança normal de carga","A carga da planta muda em rampa e perturba unidades a jusante sem introduzir uma falha.","Duas rampas por ciclo de 72 horas.","Valores bons e timestamps regulares.","FIC-101;FIC-201;FIC-301","CPM snapshot records bounded tracking and variability facts.","None; this is a healthy comparison case."
"control.aggressive_tuning","control","Sintonia agressiva","Ganho e ação integral excessivos produzem overshoot e reversões frequentes.","Episode of 3 to 8 hours after a setpoint or load change.","Good-quality values with physical oscillation.","PIC-102;PIC-402;TIC-604","CPM snapshot covers error and variability but does not identify tuning cause.","Oscillation/noise screening and tuning assessment."
"control.sluggish_tuning","control","Controle lento","Baixo ganho ou integral lenta mantém erro por tempo excessivo após uma mudança.","Episode of 6 to 16 hours around one disturbance.","Good-quality values with delayed recovery.","TIC-204;TIC-303","CPM snapshot covers error and variability.","Tracking assessment with response-time evidence."
"control.oscillation","control","Oscilação sustentada","A dinâmica local e a sintonia mantêm uma oscilação periódica reprodutível.","Episode of 4 to 12 hours with gradual onset and removal.","Good-quality periodic values.","PIC-202;TIC-304;TIC-503","PV variability is covered; periodicity is not yet canonical.","Oscillation autocorrelation or spectral Method."
"control.propagated_oscillation","process","Oscilação propagada","Uma oscilação de utilidade ou equipamento compartilhado aparece em outra variável com defasagem.","Episode synchronized with one upstream driver.","Good-quality correlated values.","TIC-702","Individual CPM Results remain independent.","Interaction Protocol with explicit secondary Signal Role."
"valve.stiction","actuator","Agarramento da válvula","A posição real permanece em patamares até vencer uma banda de atrito e então se move em salto.","Intermittent episodes with configurable friction band.","OP remains smooth while valve feedback shows plateaus and jumps.","LIC-103;FIC-206;LIC-501;FIC-803","OP saturation and tracking facts may change; stiction is not directly detected.","Valve-condition Protocol and stiction Method."
"valve.backlash","actuator","Folga do atuador","Reversões da demanda não alteram imediatamente a posição real do elemento final.","Episode of 4 to 10 hours with direction-dependent dead band.","Good-quality OP and final-element feedback diverge during reversals.","LIC-306","Current snapshot does not use final-element feedback.","Valve travel/backlash Method."
"actuator.saturation","actuator","Saturação do atuador","A demanda ou resposta física permanece próxima ao limite enquanto o erro persiste.","Episode aligned with high or low plant demand.","Good-quality values near 0 or 100 percent.","FIC-207;PIC-305;FIC-603;PIC-1001","OP saturation and error are canonical CPM branches.","Optional valve-authority interpretation remains future work."
"operations.manual","operations","Operação manual prolongada","O controlador é transferido para manual durante uma intervenção ou limitação operacional.","One or more explicit intervals with recorded mode transitions.","MODE changes to MAN while PV, SP, OP continue.","LIC-205;SIC-404;LIC-802","Manual-mode fraction is canonical.","None."
"operations.setpoint_activity","operations","Mudanças frequentes de referência","A referência muda repetidamente por campanha, razão ou intervenção operacional.","Step or ramp changes every 20 to 90 minutes during one episode.","Good-quality SP changes with traceable timestamps.","FRC-302;FIC-901","Current snapshot sees tracking effects but does not count interventions.","Setpoint-activity and operational-interventions Methods."
"sensor.noise","sensor","Ruído de medição","Ruído de alta frequência é adicionado à medição sem equivalente no estado físico do processo.","Episode with gradual increase and decrease in amplitude.","Good-quality noisy values unless combined with a quality event.","AIC-307;AIC-504;AIC-804","PV variability is canonical but noise attribution is not.","Sensor-noise Method."
"sensor.drift","sensor","Deriva do instrumento","A medição se afasta lentamente do estado físico simulado e força compensação do controlador.","Monotonic bias growth over 12 to 48 hours.","Good-quality values with hidden measurement bias.","TIC-203;AIC-405;AIC-903","Data Quality can describe the available values but cannot infer calibration drift alone.","Sensor-health analysis with independent evidence."
"sensor.frozen","sensor","Medição congelada","O valor publicado permanece constante enquanto sinais relacionados continuam variando.","Episode of 30 minutes to 6 hours.","Good or uncertain quality depending on scenario variant.","AIC-705","Data Quality value integrity can identify low distinctness when configured.","Cross-signal sensor-health analysis is optional."
"data.gap","data_transport","Lacuna de dados","Nenhuma observação histórica é publicada durante intervalos determinísticos.","Several short gaps plus one longer outage in 72 hours.","Missing observations; no synthetic fill.","AIC-105;LIC-1002","Data Quality sampling and availability Methods are canonical.","None."
"data.bad_quality","data_transport","Qualidade ruim ou incerta","A observação existe, mas carrega código de qualidade OPC UA ruim ou incerto.","Bursts of 2 to 30 minutes.","Bad or uncertain status code with original timestamps retained.","PIC-605","Data Quality source-quality and value-integrity Methods are canonical.","None."
"data.communication_loss","data_transport","Perda de comunicação","Um nó fica temporariamente indisponível e volta sem reescrever o intervalo perdido.","Outage of 5 to 90 minutes followed by recovery.","BadNotConnected or timeout behavior plus a historical gap.","PIC-401;PIC-703","Data Quality and Source health facts cover the outage boundary.","None."
"data.irregular_cadence","data_transport","Cadência irregular","Amostras chegam com jitter, atrasos ou intervalos maiores do que a política esperada.","Deterministic jitter and skipped publication slots.","Source timestamps remain truthful; server timestamps expose delay.","AIC-904","Data Quality sampling integrity is canonical.","None."
"process.disturbance","process","Perturbação de processo","Mudanças externas de vazão, composição ou utilidade deslocam a malha e exigem recuperação.","Step, ramp, or pulse propagated through connected areas.","Good-quality physical response across several signals.","TIC-104;PIC-502;PIC-602","CPM snapshot records tracking and variability facts without root-cause attribution.","Disturbance-response Protocol and contextual investigation."
"process.interaction","process","Interação entre variáveis","Uma variável de planta ou outra malha influencia a PV com atraso e ganho definidos.","Shared driver active for 4 to 16 hours.","Good-quality correlated observations on separate nodes.","LIC-208;FIC-403;LIC-902","Current independent Results remain valid but do not assert interaction.","Interaction Method with explicit secondary Signal Role."
